collection_type,collection_path,name,description,internal_project_id,project_type,source_lab_pi,lab_branch,pi_doc,original_date_created,data_creator,phi_content,pii_content,data_encryption_status,data_compression_status,funding_organization,comments,file_formats,flow_cell_id,run_id,run_date,sequencing_platform,sequencing_application_type,library_id,library_name,library_type,library_protocol,read_type,read_length
Project,/FNL_SF_Archive/Project202,Project202,Project110 Description1,CSAS123,Sequencing,konkapv,CCBR,FNLCR,12/14/2013,FNLCR,,,,,,,,,,,,,,,,,,
Project,/FNL_SF_Archive/Project203,Project203,Project110 Description2,CSAS124,Analysis,konkapv,FNLCR,FNLCR,2/15/2010,FNLCR,,,,,,,,,,,,,,,,,,
Dataset,/FNL_SF_Archive/Project202/Dataset202,Dataset202,Dataset Description 1,,,konkapv,FNLCR,FNLCR,2/15/2010,FNLCR,PHI Not Present,PII Not Present,Not Encrypted,Not Compressed,CCR,The dataset is missing BAM file.,"FastQ,BAM,BAI,PDF",FlowCell ID 1,Run_ID 1,2/10/2010,Illumina-MiSeq,Exome,Library ID 1,Illumina TrueSeq,Illumina TrueSeq,Illumina TrueSeq,Raw ,125bp
Dataset,/FNL_SF_Archive/Project203/Dataset203,Dataset203,Dataset Description 2,,,konkapv,FNLCR,FNLCR,2/15/2010,FNLCR,PHI Not Present,PII Not Present,Not Encrypted,Compressed,CCR,The dataset is missing BAM file.,"FastQ, PDF",FlowCell ID 2,Run_ID 2,2/11/2010,Illumina-MiSeq,Exome,Library ID 2,Illumina TrueSeq,Illumina TrueSeq,Illumina TrueSeq,CCS,100bp
Folder,/FNL_SF_Archive/Project203/Folder101,folder101,Test folder,,,,,,,,,,,,,,,,,,,,,,,,,
